Model,Accuracy,Balanced Accuracy,Precision,Recall,F1-score,ROC-AUC,Log Loss,ECE
Compact CNN,0.8173076923076923,0.7564102564102564,0.7738095238095238,1.0,0.87248322147651,0.9636752136752137,0.7644991399749295,0.3375333373551257
